payment,payment_revenue,payment_cost,payment_percentage,avg_quantity_per_payment
visa,59912.99999999992,12372.09999999991,4.842589374479705,3.029749692244563
americanexpress,60031.7,12497.599999999931,4.803458263986712,2.9967273471057476
cash,58685.7,12325.09999999994,4.761478608692853,2.9749170812603647
mastercard,60230.799999999974,12322.899999999918,4.887713119476777,3.045463981731368
