branch_id,total_revenue,total_cost,total_percentage,avg_quantity_per_branch
1,99781.70000000004,20758.8999999997,4.806694959752274,3.0058881256133465
3,78298.70000000006,16120.99999999984,4.856938155201342,3.0265444778006003
2,60780.79999999994,12637.799999999908,4.809444681827563,3.002234409912655
